[
  {
    "loanType": "Portfolio",
    "loanAmount": 50000,
    "tenure": 6,
    "approvalDate": "2024-09-02T12:00:00Z"
  },
  {
    "loanType": "Income",
    "loanAmount": 30000,
    "tenure": 12,
    "approvalDate": "2024-09-02T14:00:00Z"
  },
  {
    "loanType": "Portfolio",
    "loanAmount": 100000,
    "tenure": 24,
    "approvalDate": "2024-09-03T10:00:00Z"
  },
  {
    "loanType": "Portfolio",
    "loanAmount": "10000",
    "tenure": "5",
    "approvalDate": "2024-09-01T21:39:01.993Z"
  },
  {
    "loanType": "Portfolio",
    "loanAmount": "11000",
    "tenure": "5",
    "approvalDate": "2024-09-01T21:40:51.318Z"
  },
  {
    "loanType": "portfolio",
    "loanAmount": "10000",
    "tenure": "5",
    "approvalDate": "2024-09-01T21:44:50.755Z"
  },
  {
    "loanType": "income",
    "loanAmount": "1000",
    "tenure": "3",
    "approvalDate": "2024-09-01T21:45:35.583Z"
  },
  {
    "loanType": "portfolio",
    "loanAmount": "1000",
    "tenure": "3",
    "approvalDate": "2024-09-01T21:52:14.331Z"
  },
  {
    "loanType": "portfolio",
    "loanAmount": "10000",
    "tenure": "5",
    "approvalDate": "2024-09-02T05:37:26.172Z"
  },
  {
    "loanType": "portfolio",
    "loanAmount": "10000",
    "tenure": "5",
    "approvalDate": "2024-09-04T04:44:38.931Z"
  },
  {
    "loanType": "portfolio",
    "loanAmount": "1000",
    "tenure": "3",
    "approvalDate": "2024-09-04T04:44:53.087Z"
  },
  {
    "loanType": "income",
    "loanAmount": "100000",
    "tenure": "10",
    "approvalDate": "2024-09-04T04:45:12.297Z"
  }
]