[
  {
    "name": "State Bank of India (SBI) Fixed Deposit",
    "tenure": 12,
    "interest": 6.5,
    "minInvestment": 1000
  },
  {
    "name": "HDFC Bank Fixed Deposit",
    "tenure": 24,
    "interest": 7,
    "minInvestment": 5000
  },
  {
    "name": "ICICI Bank Fixed Deposit",
    "tenure": 18,
    "interest": 6.75,
    "minInvestment": 10000
  },
  {
    "name": "Axis Bank Fixed Deposit",
    "tenure": 36,
    "interest": 7.25,
    "minInvestment": 5000
  },
  {
    "name": "Kotak Mahindra Bank Fixed Deposit",
    "tenure": 6,
    "interest": 6,
    "minInvestment": 1000
  },
  {
    "name": "Yes Bank Fixed Deposit",
    "tenure": 30,
    "interest": 7.1,
    "minInvestment": 10000
  },
  {
    "name": "Punjab National Bank (PNB) Fixed Deposit",
    "tenure": 15,
    "interest": 6.6,
    "minInvestment": 5000
  },
  {
    "name": "Bank of Baroda Fixed Deposit",
    "tenure": 20,
    "interest": 6.8,
    "minInvestment": 10000
  },
  {
    "name": "ABC Bank",
    "tenure": 12,
    "interest": 6.5,
    "minInvestment": 1000
  },
  {
    "name": "ABCD Bank",
    "tenure": 12,
    "interest": 6.5,
    "minInvestment": 1000
  }
]