[
  {
    "recipient": "ankita1788@gmail.com",
    "subject": "Welcome",
    "body": "This is a page ....",
    "sentAt": "2024-08-30T11:10:01.144Z"
  },
  {
    "recipient": "jaindhriti739@gmail.com",
    "subject": "EMAIL>>>>>",
    "body": "THIS IS MY PAGE",
    "sentAt": "2024-08-30T17:02:16.782Z"
  },
  {
    "recipient": "aadarshkhanna3300@gmail.com",
    "subject": "Welcome",
    "body": "This is a page ....",
    "sentAt": "2024-09-04T05:03:39.788Z"
  },
  {
    "recipient": "aadarshkhanna3300@gmail.com",
    "subject": "Welcome",
    "body": "Finance app",
    "sentAt": "2024-09-04T05:04:48.085Z"
  }
]