{
  "0": {
    "Name": "abhishek",
    "surname": "gupta",
    "jobTitle": "dfgsus",
    "employmentStatus": "efwfhwh",
    "state": "Haryana",
    "city": "sirsa",
    "zip": "125055",
    "phoneNumber": "08221075000",
    "streetAddress": "c block",
    "country": "India",
    "emailNotifications": true,
    "smsNotifications": true,
    "preferredContactMethod": "email",
    "contactNumber": "95786-53000"
  },
  "1": {
    "Name": "abhishek",
    "surname": "gupta",
    "jobTitle": "wwf",
    "employmentStatus": "wfwfwff",
    "state": "Haryana",
    "city": "sirsa",
    "zip": "125055",
    "phoneNumber": "08221075000",
    "streetAddress": "c block",
    "country": "India",
    "emailNotifications": true,
    "smsNotifications": true,
    "preferredContactMethod": "email",
    "contactNumber": "95786-53000"
  },
  "2": {
    "Name": "abhishek",
    "surname": "gupta",
    "jobTitle": "gerggfwfw",
    "employmentStatus": "wifjwoieger",
    "state": "Haryana",
    "city": "sirsa",
    "zip": "125055",
    "phoneNumber": "08221075000",
    "streetAddress": "c block",
    "country": "India",
    "emailNotifications": true,
    "smsNotifications": true,
    "preferredContactMethod": "email",
    "contactNumber": "95786-53000"
  },
  "3": {
    "Name": "abhishekw",
    "surname": "gupta",
    "jobTitle": "oeg3w",
    "employmentStatus": "weihfh",
    "state": "Haryana",
    "city": "sirsa",
    "zip": "125055",
    "phoneNumber": "08221075000",
    "streetAddress": "c block",
    "country": "India",
    "emailNotifications": true,
    "smsNotifications": true,
    "preferredContactMethod": "email",
    "contactNumber": "95786-53000"
  },
  "4": {
    "Name": "kavya",
    "surname": "..",
    "jobTitle": "..",
    "employmentStatus": "jkkknkn",
    "state": "Haryana",
    "city": "sirsa",
    "zip": "125055",
    "phoneNumber": "08221075000",
    "streetAddress": "c block",
    "country": "India",
    "emailNotifications": true,
    "smsNotifications": true,
    "preferredContactMethod": "email",
    "contactNumber": "95786-53000"
  },
  "5": {
    "Name": "A",
    "surname": "A",
    "jobTitle": "Student",
    "employmentStatus": "None",
    "state": "A",
    "city": "B",
    "zip": "12345",
    "phoneNumber": "1234567892",
    "streetAddress": "a",
    "country": "India",
    "emailNotifications": true,
    "smsNotifications": true,
    "preferredContactMethod": "email",
    "contactNumber": "95786-53000"
  },
  "6": {
    "Name": "",
    "surname": "",
    "jobTitle": "",
    "employmentStatus": "",
    "state": "",
    "city": "",
    "zip": "",
    "phoneNumber": "",
    "streetAddress": "",
    "country": "",
    "emailNotifications": true,
    "smsNotifications": true,
    "preferredContactMethod": "email",
    "contactNumber": "95786-53000"
  },
  "7": {
    "Name": "AA",
    "surname": "KK",
    "jobTitle": "Student",
    "employmentStatus": "WORK",
    "state": "AA",
    "city": "AA",
    "zip": "123456",
    "phoneNumber": "1234567890",
    "streetAddress": "AAAA",
    "country": "India",
    "emailNotifications": true,
    "smsNotifications": true,
    "preferredContactMethod": "email",
    "contactNumber": "95786-53000"
  },
  "8": {
    "Name": "",
    "surname": "",
    "jobTitle": "",
    "employmentStatus": "",
    "state": "",
    "city": "",
    "zip": "",
    "phoneNumber": "",
    "streetAddress": "",
    "country": "",
    "emailNotifications": true,
    "smsNotifications": true,
    "preferredContactMethod": "email",
    "contactNumber": "95786-53000"
  },
  "9": {
    "Name": "",
    "surname": "",
    "jobTitle": "",
    "employmentStatus": "",
    "state": "",
    "city": "",
    "zip": "",
    "phoneNumber": "",
    "streetAddress": "",
    "country": "",
    "emailNotifications": true,
    "smsNotifications": true,
    "preferredContactMethod": "email",
    "contactNumber": "95786-53000"
  },
  "10": {
    "Name": "",
    "surname": "",
    "jobTitle": "",
    "employmentStatus": "",
    "state": "",
    "city": "",
    "zip": "",
    "phoneNumber": "",
    "streetAddress": "",
    "country": "",
    "emailNotifications": true,
    "smsNotifications": true,
    "preferredContactMethod": "email",
    "contactNumber": "95786-53000"
  },
  "11": {
    "Name": "",
    "surname": "",
    "jobTitle": "",
    "employmentStatus": "",
    "state": "",
    "city": "",
    "zip": "",
    "phoneNumber": "",
    "streetAddress": "",
    "country": "",
    "emailNotifications": true,
    "smsNotifications": true,
    "preferredContactMethod": "email",
    "contactNumber": "95786-53000"
  },
  "12": {
    "Name": "",
    "surname": "",
    "jobTitle": "",
    "employmentStatus": "",
    "state": "",
    "city": "",
    "zip": "",
    "phoneNumber": "",
    "streetAddress": "",
    "country": "",
    "emailNotifications": true,
    "smsNotifications": true,
    "preferredContactMethod": "email",
    "contactNumber": "95786-53000"
  },
  "13": {
    "Name": "",
    "surname": "",
    "jobTitle": "",
    "employmentStatus": "",
    "state": "",
    "city": "",
    "zip": "",
    "phoneNumber": "",
    "streetAddress": "",
    "country": "",
    "emailNotifications": true,
    "smsNotifications": true,
    "preferredContactMethod": "email",
    "contactNumber": "95786-53000"
  },
  "14": {
    "Name": "",
    "surname": "",
    "jobTitle": "",
    "employmentStatus": "",
    "state": "",
    "city": "",
    "zip": "",
    "phoneNumber": "",
    "streetAddress": "",
    "country": "",
    "emailNotifications": true,
    "smsNotifications": true,
    "preferredContactMethod": "email",
    "contactNumber": "95786-53000"
  },
  "15": {
    "Name": "",
    "surname": "",
    "jobTitle": "",
    "employmentStatus": "",
    "state": "",
    "city": "",
    "zip": "",
    "phoneNumber": "",
    "streetAddress": "",
    "country": "",
    "emailNotifications": true,
    "smsNotifications": true,
    "preferredContactMethod": "email",
    "contactNumber": "95786-53000"
  },
  "16": {
    "Name": "",
    "surname": "",
    "jobTitle": "",
    "employmentStatus": "",
    "state": "",
    "city": "",
    "zip": "",
    "phoneNumber": "",
    "streetAddress": "",
    "country": "",
    "emailNotifications": true,
    "smsNotifications": true,
    "preferredContactMethod": "email",
    "contactNumber": "95786-53000"
  },
  "17": {
    "Name": "",
    "surname": "",
    "jobTitle": "",
    "employmentStatus": "",
    "state": "",
    "city": "",
    "zip": "",
    "phoneNumber": "",
    "streetAddress": "",
    "country": "",
    "emailNotifications": true,
    "smsNotifications": true,
    "preferredContactMethod": "email",
    "contactNumber": "95786-53000"
  },
  "18": {
    "Name": "",
    "surname": "",
    "jobTitle": "",
    "employmentStatus": "",
    "state": "",
    "city": "",
    "zip": "",
    "phoneNumber": "",
    "streetAddress": "",
    "country": "",
    "emailNotifications": true,
    "smsNotifications": true,
    "preferredContactMethod": "email",
    "contactNumber": "95786-53000"
  },
  "19": {
    "Name": "",
    "surname": "",
    "jobTitle": "",
    "employmentStatus": "",
    "state": "",
    "city": "",
    "zip": "",
    "phoneNumber": "",
    "streetAddress": "",
    "country": "",
    "emailNotifications": true,
    "smsNotifications": true,
    "preferredContactMethod": "email",
    "contactNumber": "95786-53000"
  },
  "20": {
    "Name": "a",
    "surname": "b",
    "jobTitle": "q",
    "employmentStatus": "a",
    "state": "q",
    "city": "a",
    "zip": "123456",
    "phoneNumber": "1234568",
    "streetAddress": "a",
    "country": "a",
    "emailNotifications": true,
    "smsNotifications": true,
    "preferredContactMethod": "email",
    "contactNumber": "123"
  },
  "21": {
    "Name": "ABC",
    "surname": "ABC",
    "jobTitle": "STUDENT",
    "employmentStatus": "UNEMPLOYED",
    "state": "PUNJAB",
    "city": "PUNJAB",
    "zip": "123456",
    "phoneNumber": "1234567890",
    "streetAddress": "HNO 1",
    "country": "India",
    "emailNotifications": true,
    "smsNotifications": true,
    "preferredContactMethod": "email"
  },
  "22": {
    "Name": "Adarsh",
    "surname": "khanna",
    "jobTitle": "STUDENT",
    "employmentStatus": "UNEMPLOYED",
    "state": "PUNJAB",
    "city": "PUNJAB",
    "zip": "123456",
    "phoneNumber": "1234567890",
    "streetAddress": "HNO 1",
    "country": "India",
    "emailNotifications": true,
    "smsNotifications": true,
    "preferredContactMethod": "email"
  }
}